Load,Method,Metric,Type,Block,Value
Light,OR-DRL,delay,I,1,13.854
Light,OR-DRL,delay,I,2,12.595999999999998
Light,OR-DRL,delay,I,3,15.686
Light,OR-DRL,delay,I,4,12.332000000000003
Light,OR-DRL,delay,I,5,14.052000000000003
Light,OR-DRL,delay,I,6,18.744
Light,OR-DRL,delay,I,7,11.948
Light,OR-DRL,delay,I,8,12.495999999999999
Light,OR-DRL,delay,I,9,10.590000000000002
Light,OR-DRL,delay,I,10,13.370000000000003
Light,OR-DRL,delay,I,11,16.722
Light,OR-DRL,delay,I,12,14.928000000000003
Light,OR-DRL,delay,I,13,19.64
Light,OR-DRL,delay,I,14,14.562000000000003
Light,OR-DRL,delay,I,15,18.672
Light,OR-DRL,delay,I,16,19.548
Light,OR-DRL,delay,I,17,21.25999999999999
Light,OR-DRL,delay,I,18,15.986
Light,OR-DRL,delay,I,19,13.926000000000002
Light,OR-DRL,delay,I,20,12.204000000000002
Light,OR-DRL,delay,I,21,11.820000000000002
Light,OR-DRL,delay,I,22,12.056000000000001
Light,OR-DRL,delay,I,23,11.842
Light,OR-DRL,delay,I,24,12.314
Light,OR-DRL,delay,I,25,14.751999999999999
Light,OR-DRL,delay,I,26,11.520000000000003
Light,OR-DRL,delay,I,27,12.438000000000002
Light,OR-DRL,delay,I,28,15.126
Light,OR-DRL,delay,I,29,20.668000000000003
Light,OR-DRL,delay,I,30,16.652
Light,OR-DRL,delay,I,31,13.368000000000002
Light,OR-DRL,delay,I,32,11.818
Light,OR-DRL,delay,I,33,11.426000000000002
Light,OR-DRL,delay,I,34,12.328000000000001
Light,OR-DRL,delay,I,35,17.516
Light,OR-DRL,delay,I,36,14.19
Light,OR-DRL,delay,I,37,11.646
Light,OR-DRL,delay,I,38,15.844000000000001
Light,OR-DRL,delay,I,39,15.468
Light,OR-DRL,delay,I,40,17.51
Light,OR-DRL,delay,I,41,12.374
Light,OR-DRL,delay,I,42,12.534
Light,OR-DRL,delay,I,43,14.726
Light,OR-DRL,delay,I,44,18.910000000000004
Light,OR-DRL,delay,I,45,10.204
Light,OR-DRL,delay,I,46,12.654000000000002
Light,OR-DRL,delay,I,47,12.755999999999998
Light,OR-DRL,delay,I,48,15.4
Light,OR-DRL,delay,I,49,19.052
Light,OR-DRL,delay,I,50,15.488000000000001
Light,OR-DRL,delay,III,1,13.60433333
Light,OR-DRL,delay,III,2,13.111666679999999
Light,OR-DRL,delay,III,3,13.184666650000002
Light,OR-DRL,delay,III,4,12.058
Light,OR-DRL,delay,III,5,22.03766662
Light,OR-DRL,delay,III,6,12.035333330000004
Light,OR-DRL,delay,III,7,13.770333310000002
Light,OR-DRL,delay,III,8,12.03399995
Light,OR-DRL,delay,III,9,14.193666650000003
Light,OR-DRL,delay,III,10,12.454666679999997
Light,OR-DRL,delay,III,11,13.03533335
Light,OR-DRL,delay,III,12,24.039999999999996
Light,OR-DRL,delay,III,13,17.77066667
Light,OR-DRL,delay,III,14,12.988666619999996
Light,OR-DRL,delay,III,15,15.307666630000002
Light,OR-DRL,delay,III,16,12.669999999999998
Light,OR-DRL,delay,III,17,14.36699995
Light,OR-DRL,delay,III,18,11.28266664
Light,OR-DRL,delay,III,19,13.590999959999998
Light,OR-DRL,delay,III,20,11.804666680000002
Light,OR-DRL,delay,III,21,12.42799998
Light,OR-DRL,delay,III,22,20.072666680000005
Light,OR-DRL,delay,III,23,16.35633332
Light,OR-DRL,delay,III,24,13.541333320000001
Light,OR-DRL,delay,III,25,12.931333299999999
Light,OR-DRL,delay,III,26,13.255999980000002
Light,OR-DRL,delay,III,27,13.02666662
Light,OR-DRL,delay,III,28,16.62633337
Light,OR-DRL,delay,III,29,12.523666639999998
Light,OR-DRL,delay,III,30,12.345000010000001
Light,OR-DRL,delay,III,31,11.665333300000002
Light,OR-DRL,delay,III,32,15.864
Light,OR-DRL,delay,III,33,13.875666680000002
Light,OR-DRL,delay,III,34,19.39199997
Light,OR-DRL,delay,III,35,12.55599996
Light,OR-DRL,delay,III,36,13.435333320000002
Light,OR-DRL,delay,III,37,12.751666659999998
Light,OR-DRL,delay,III,38,12.48733332
Light,OR-DRL,delay,III,39,15.798000000000002
Light,OR-DRL,delay,III,40,18.31499995
Light,OR-DRL,delay,III,41,12.518999979999998
Light,OR-DRL,delay,III,42,13.434999979999997
Light,OR-DRL,delay,III,43,13.695000010000001
Light,OR-DRL,delay,III,44,11.37066668
Light,OR-DRL,delay,III,45,12.40433333
Light,OR-DRL,delay,III,46,16.25466671
Light,OR-DRL,delay,III,47,12.13466666
Light,OR-DRL,delay,III,48,11.829666620000001
Light,OR-DRL,delay,III,49,12.451666670000002
Light,OR-DRL,delay,III,50,12.874999970000001
Light,OR-DRL,delay,IV,1,11.750200000000001
Light,OR-DRL,delay,IV,2,13.714799999999999
Light,OR-DRL,delay,IV,3,12.240200000000002
Light,OR-DRL,delay,IV,4,12.339999999999998
Light,OR-DRL,delay,IV,5,13.446999999999997
Light,OR-DRL,delay,IV,6,12.490399999999998
Light,OR-DRL,delay,IV,7,12.504199999999999
Light,OR-DRL,delay,IV,8,13.7642
Light,OR-DRL,delay,IV,9,12.972599999999998
Light,OR-DRL,delay,IV,10,12.8432
Light,OR-DRL,delay,IV,11,12.886999999999999
Light,OR-DRL,delay,IV,12,16.107
Light,OR-DRL,delay,IV,13,15.033800000000001
Light,OR-DRL,delay,IV,14,13.355199999999998
Light,OR-DRL,delay,IV,15,22.500599999999995
Light,OR-DRL,delay,IV,16,11.697199999999999
Light,OR-DRL,delay,IV,17,15.918
Light,OR-DRL,delay,IV,18,12.904199999999998
Light,OR-DRL,delay,IV,19,12.8006
Light,OR-DRL,delay,IV,20,12.769399999999996
Light,OR-DRL,delay,IV,21,12.696
Light,OR-DRL,delay,IV,22,12.288399999999998
Light,OR-DRL,delay,IV,23,13.374599999999997
Light,OR-DRL,delay,IV,24,16.414999999999996
Light,OR-DRL,delay,IV,25,11.385199999999998
Light,OR-DRL,delay,IV,26,12.8922
Light,OR-DRL,delay,IV,27,16.904999999999998
Light,OR-DRL,delay,IV,28,11.987999999999998
Light,OR-DRL,delay,IV,29,12.731800000000003
Light,OR-DRL,delay,IV,30,12.6994
Light,OR-DRL,delay,IV,31,12.2458
Light,OR-DRL,delay,IV,32,16.8526
Light,OR-DRL,delay,IV,33,17.710399999999996
Light,OR-DRL,delay,IV,34,12.307799999999997
Light,OR-DRL,delay,IV,35,12.9646
Light,OR-DRL,delay,IV,36,12.705199999999998
Light,OR-DRL,delay,IV,37,17.897199999999998
Light,OR-DRL,delay,IV,38,13.250399999999999
Light,OR-DRL,delay,IV,39,13.555999999999997
Light,OR-DRL,delay,IV,40,18.749
Light,OR-DRL,delay,IV,41,11.889
Light,OR-DRL,delay,IV,42,14.068599999999998
Light,OR-DRL,delay,IV,43,12.650799999999998
Light,OR-DRL,delay,IV,44,12.033400000000002
Light,OR-DRL,delay,IV,45,12.590799999999996
Light,OR-DRL,delay,IV,46,11.287799999999997
Light,OR-DRL,delay,IV,47,12.311399999999999
Light,OR-DRL,delay,IV,48,15.765999999999998
Light,OR-DRL,delay,IV,49,13.095599999999997
Light,OR-DRL,delay,IV,50,11.388799999999998
Light,OR-DRL,throughput,II,1,98.51574161666667
Light,OR-DRL,throughput,II,2,97.49475651466666
Light,OR-DRL,throughput,II,3,97.68382252933334
Light,OR-DRL,throughput,II,4,98.56337045599999
Light,OR-DRL,throughput,II,5,97.472339496
Light,OR-DRL,throughput,II,6,97.76100266866668
Light,OR-DRL,throughput,II,7,97.7672283426667
Light,OR-DRL,throughput,II,8,97.12496982799999
Light,OR-DRL,throughput,II,9,97.30742684000002
Light,OR-DRL,throughput,II,10,96.502308586
Light,OR-DRL,throughput,II,11,98.57624322866664
Light,OR-DRL,throughput,II,12,96.05582202200002
Light,OR-DRL,throughput,II,13,98.39697753266664
Light,OR-DRL,throughput,II,14,98.29388163200001
Light,OR-DRL,throughput,II,15,97.82523151733334
Light,OR-DRL,throughput,II,16,96.66657943333331
Light,OR-DRL,throughput,II,17,98.44435655266666
Light,OR-DRL,throughput,II,18,99.089297012
Light,OR-DRL,throughput,II,19,99.028134674
Light,OR-DRL,throughput,II,20,98.159679096
Light,OR-DRL,throughput,II,21,96.84348844999998
Light,OR-DRL,throughput,II,22,96.62603754066667
Light,OR-DRL,throughput,II,23,97.17426716
Light,OR-DRL,throughput,II,24,97.54763183666668
Light,OR-DRL,throughput,II,25,96.542325158
Light,OR-DRL,throughput,II,26,95.95834830133332
Light,OR-DRL,throughput,II,27,98.34719401133333
Light,OR-DRL,throughput,II,28,94.60108786400001
Light,OR-DRL,throughput,II,29,95.45429753933337
Light,OR-DRL,throughput,II,30,98.79483943266666
Light,OR-DRL,throughput,II,31,98.29473795066667
Light,OR-DRL,throughput,II,32,95.78167547000001
Light,OR-DRL,throughput,II,33,97.16170657666667
Light,OR-DRL,throughput,II,34,98.54690736533331
Light,OR-DRL,throughput,II,35,97.58505487066667
Light,OR-DRL,throughput,II,36,99.52408902066666
Light,OR-DRL,throughput,II,37,98.76882075466665
Light,OR-DRL,throughput,II,38,97.29157974066666
Light,OR-DRL,throughput,II,39,97.19834611199998
Light,OR-DRL,throughput,II,40,97.04832423600003
Light,OR-DRL,throughput,II,41,97.20066300066667
Light,OR-DRL,throughput,II,42,97.92556030066663
Light,OR-DRL,throughput,II,43,98.00475926533332
Light,OR-DRL,throughput,II,44,98.04771534666666
Light,OR-DRL,throughput,II,45,98.10757727599999
Light,OR-DRL,throughput,II,46,96.97794107466667
Light,OR-DRL,throughput,II,47,96.76309625533331
Light,OR-DRL,throughput,II,48,99.19311291533333
Light,OR-DRL,throughput,II,49,98.42286081733337
Light,OR-DRL,throughput,II,50,97.86852129000003
Light,OR-DRL,throughput,III,1,98.60950899133336
Light,OR-DRL,throughput,III,2,97.74621585599998
Light,OR-DRL,throughput,III,3,97.50093714799999
Light,OR-DRL,throughput,III,4,98.614355046
Light,OR-DRL,throughput,III,5,98.42913842066666
Light,OR-DRL,throughput,III,6,98.28418229199998
Light,OR-DRL,throughput,III,7,98.77310405733333
Light,OR-DRL,throughput,III,8,97.58339758733335
Light,OR-DRL,throughput,III,9,99.12029427000002
Light,OR-DRL,throughput,III,10,101.136385082
Light,OR-DRL,throughput,III,11,98.47176118000002
Light,OR-DRL,throughput,III,12,95.97456227333333
Light,OR-DRL,throughput,III,13,98.77615510866669
Light,OR-DRL,throughput,III,14,99.61142598133334
Light,OR-DRL,throughput,III,15,98.70930691133333
Light,OR-DRL,throughput,III,16,99.092404722
Light,OR-DRL,throughput,III,17,96.75790691333333
Light,OR-DRL,throughput,III,18,99.77974115799998
Light,OR-DRL,throughput,III,19,97.67179041066666
Light,OR-DRL,throughput,III,20,98.96724525466665
Light,OR-DRL,throughput,III,21,98.65124240200001
Light,OR-DRL,throughput,III,22,97.81598742733333
Light,OR-DRL,throughput,III,23,99.24901007866669
Light,OR-DRL,throughput,III,24,99.51891422133335
Light,OR-DRL,throughput,III,25,98.73594593199999
Light,OR-DRL,throughput,III,26,99.99663618199999
Light,OR-DRL,throughput,III,27,98.32848786533333
Light,OR-DRL,throughput,III,28,98.50289272733333
Light,OR-DRL,throughput,III,29,97.520886256
Light,OR-DRL,throughput,III,30,98.74190742133334
Light,OR-DRL,throughput,III,31,99.73280412266668
Light,OR-DRL,throughput,III,32,97.89251477533332
Light,OR-DRL,throughput,III,33,98.80870026533331
Light,OR-DRL,throughput,III,34,98.24151432999999
Light,OR-DRL,throughput,III,35,99.10533679199997
Light,OR-DRL,throughput,III,36,99.22527857000003
Light,OR-DRL,throughput,III,37,98.84853428799997
Light,OR-DRL,throughput,III,38,98.37092379133334
Light,OR-DRL,throughput,III,39,97.91643475200003
Light,OR-DRL,throughput,III,40,99.60962235466668
Light,OR-DRL,throughput,III,41,98.08168366133336
Light,OR-DRL,throughput,III,42,98.72067141666666
Light,OR-DRL,throughput,III,43,98.69173286466666
Light,OR-DRL,throughput,III,44,99.19047764066667
Light,OR-DRL,throughput,III,45,99.55813435866666
Light,OR-DRL,throughput,III,46,98.65654586400002
Light,OR-DRL,throughput,III,47,98.42721224200001
Light,OR-DRL,throughput,III,48,99.30401221333332
Light,OR-DRL,throughput,III,49,98.62959525400001
Light,OR-DRL,throughput,III,50,99.829736158
Light,OR-DRL,loss,IV,1,0.91369
Light,OR-DRL,loss,IV,2,0.8832749999999998
Light,OR-DRL,loss,IV,3,0.618331
Light,OR-DRL,loss,IV,4,0.47807099999999997
Light,OR-DRL,loss,IV,5,0.6971260000000001
Light,OR-DRL,loss,IV,6,0.9631789999999999
Light,OR-DRL,loss,IV,7,0.462181
Light,OR-DRL,loss,IV,8,0.565933
Light,OR-DRL,loss,IV,9,1.136556
Light,OR-DRL,loss,IV,10,0.7718349999999999
Light,OR-DRL,loss,IV,11,0.5424459999999999
Light,OR-DRL,loss,IV,12,0.670106
Light,OR-DRL,loss,IV,13,1.0782470000000002
Light,OR-DRL,loss,IV,14,0.7257759999999999
Light,OR-DRL,loss,IV,15,0.57558
Light,OR-DRL,loss,IV,16,0.964137
Light,OR-DRL,loss,IV,17,1.0184119999999999
Light,OR-DRL,loss,IV,18,1.004459
Light,OR-DRL,loss,IV,19,1.217554
Light,OR-DRL,loss,IV,20,1.045661
Light,OR-DRL,loss,IV,21,0.39887700000000004
Light,OR-DRL,loss,IV,22,1.076116
Light,OR-DRL,loss,IV,23,0.6366729999999999
Light,OR-DRL,loss,IV,24,0.851781
Light,OR-DRL,loss,IV,25,0.29442500000000005
Light,OR-DRL,loss,IV,26,0.7563559999999999
Light,OR-DRL,loss,IV,27,1.4629700000000003
Light,OR-DRL,loss,IV,28,0.45760200000000006
Light,OR-DRL,loss,IV,29,0.557316
Light,OR-DRL,loss,IV,30,0.8354460000000001
Light,OR-DRL,loss,IV,31,1.072337
Light,OR-DRL,loss,IV,32,1.12707
Light,OR-DRL,loss,IV,33,0.80499
Light,OR-DRL,loss,IV,34,0.488288
Light,OR-DRL,loss,IV,35,0.721358
Light,OR-DRL,loss,IV,36,1.178678
Light,OR-DRL,loss,IV,37,0.8004760000000001
Light,OR-DRL,loss,IV,38,0.991054
Light,OR-DRL,loss,IV,39,0.830355
Light,OR-DRL,loss,IV,40,0.771926
Light,OR-DRL,loss,IV,41,0.695497
Light,OR-DRL,loss,IV,42,0.5496989999999999
Light,OR-DRL,loss,IV,43,0.7332669999999999
Light,OR-DRL,loss,IV,44,0.6720229999999999
Light,OR-DRL,loss,IV,45,0.42379599999999995
Light,OR-DRL,loss,IV,46,0.376353
Light,OR-DRL,loss,IV,47,0.7748249999999999
Light,OR-DRL,loss,IV,48,0.8862390000000001
Light,OR-DRL,loss,IV,49,0.945136
Light,OR-DRL,loss,IV,50,1.2425299999999997
Light,OR-MAPPO,delay,I,1,14.503999999999998
Light,OR-MAPPO,delay,I,2,12.566
Light,OR-MAPPO,delay,I,3,13.114000000000003
Light,OR-MAPPO,delay,I,4,12.265999999999998
Light,OR-MAPPO,delay,I,5,11.812000000000001
Light,OR-MAPPO,delay,I,6,18.88
Light,OR-MAPPO,delay,I,7,12.952
Light,OR-MAPPO,delay,I,8,16.016
Light,OR-MAPPO,delay,I,9,12.675999999999998
Light,OR-MAPPO,delay,I,10,11.7
Light,OR-MAPPO,delay,I,11,12.456000000000001
Light,OR-MAPPO,delay,I,12,11.902000000000001
Light,OR-MAPPO,delay,I,13,11.901999999999997
Light,OR-MAPPO,delay,I,14,15.792000000000003
Light,OR-MAPPO,delay,I,15,11.562000000000001
Light,OR-MAPPO,delay,I,16,14.574000000000002
Light,OR-MAPPO,delay,I,17,13.248000000000001
Light,OR-MAPPO,delay,I,18,11.950000000000005
Light,OR-MAPPO,delay,I,19,12.82
Light,OR-MAPPO,delay,I,20,11.664000000000003
Light,OR-MAPPO,delay,I,21,13.514
Light,OR-MAPPO,delay,I,22,12.548000000000002
Light,OR-MAPPO,delay,I,23,12.575999999999999
Light,OR-MAPPO,delay,I,24,12.72
Light,OR-MAPPO,delay,I,25,12.926000000000002
Light,OR-MAPPO,delay,I,26,12.36
Light,OR-MAPPO,delay,I,27,10.728
Light,OR-MAPPO,delay,I,28,12.716
Light,OR-MAPPO,delay,I,29,16.666
Light,OR-MAPPO,delay,I,30,14.14
Light,OR-MAPPO,delay,I,31,17.472
Light,OR-MAPPO,delay,I,32,12.462000000000003
Light,OR-MAPPO,delay,I,33,12.228
Light,OR-MAPPO,delay,I,34,10.832
Light,OR-MAPPO,delay,I,35,11.736
Light,OR-MAPPO,delay,I,36,16.66
Light,OR-MAPPO,delay,I,37,14.984000000000002
Light,OR-MAPPO,delay,I,38,13.104000000000001
Light,OR-MAPPO,delay,I,39,12.062000000000001
Light,OR-MAPPO,delay,I,40,16.79
Light,OR-MAPPO,delay,I,41,12.818000000000005
Light,OR-MAPPO,delay,I,42,11.568
Light,OR-MAPPO,delay,I,43,11.466000000000001
Light,OR-MAPPO,delay,I,44,10.762000000000002
Light,OR-MAPPO,delay,I,45,11.474
Light,OR-MAPPO,delay,I,46,11.826
Light,OR-MAPPO,delay,I,47,12.493999999999998
Light,OR-MAPPO,delay,I,48,16.384
Light,OR-MAPPO,delay,I,49,11.606
Light,OR-MAPPO,delay,I,50,11.308000000000002
Light,OR-MAPPO,delay,III,1,12.35199998
Light,OR-MAPPO,delay,III,2,12.285333279999998
Light,OR-MAPPO,delay,III,3,11.889333349999998
Light,OR-MAPPO,delay,III,4,12.11266663
Light,OR-MAPPO,delay,III,5,10.975333339999999
Light,OR-MAPPO,delay,III,6,17.98466669
Light,OR-MAPPO,delay,III,7,10.562999990000003
Light,OR-MAPPO,delay,III,8,11.89566666
Light,OR-MAPPO,delay,III,9,16.69233329
Light,OR-MAPPO,delay,III,10,11.529333330000002
Light,OR-MAPPO,delay,III,11,11.96033333
Light,OR-MAPPO,delay,III,12,11.82933327
Light,OR-MAPPO,delay,III,13,12.338999979999999
Light,OR-MAPPO,delay,III,14,15.31733328
Light,OR-MAPPO,delay,III,15,11.32133331
Light,OR-MAPPO,delay,III,16,11.55933331
Light,OR-MAPPO,delay,III,17,12.56800001
Light,OR-MAPPO,delay,III,18,10.459333270000002
Light,OR-MAPPO,delay,III,19,12.008999999999999
Light,OR-MAPPO,delay,III,20,13.01099998
Light,OR-MAPPO,delay,III,21,12.26999997
Light,OR-MAPPO,delay,III,22,10.853666620000002
Light,OR-MAPPO,delay,III,23,11.49433329
Light,OR-MAPPO,delay,III,24,12.124333309999999
Light,OR-MAPPO,delay,III,25,11.728666619999998
Light,OR-MAPPO,delay,III,26,13.80499998
Light,OR-MAPPO,delay,III,27,11.617
Light,OR-MAPPO,delay,III,28,12.288
Light,OR-MAPPO,delay,III,29,11.946666610000001
Light,OR-MAPPO,delay,III,30,11.31566665
Light,OR-MAPPO,delay,III,31,11.96033333
Light,OR-MAPPO,delay,III,32,12.338000020000003
Light,OR-MAPPO,delay,III,33,12.21066664
Light,OR-MAPPO,delay,III,34,13.183333279999998
Light,OR-MAPPO,delay,III,35,13.353666650000001
Light,OR-MAPPO,delay,III,36,12.83133331
Light,OR-MAPPO,delay,III,37,11.65966668
Light,OR-MAPPO,delay,III,38,12.390999980000002
Light,OR-MAPPO,delay,III,39,12.670333340000003
Light,OR-MAPPO,delay,III,40,12.198333330000002
Light,OR-MAPPO,delay,III,41,13.13633331
Light,OR-MAPPO,delay,III,42,12.337999969999998
Light,OR-MAPPO,delay,III,43,11.700000019999997
Light,OR-MAPPO,delay,III,44,12.44666663
Light,OR-MAPPO,delay,III,45,11.63933333
Light,OR-MAPPO,delay,III,46,16.91033334
Light,OR-MAPPO,delay,III,47,11.258333310000001
Light,OR-MAPPO,delay,III,48,12.892999989999998
Light,OR-MAPPO,delay,III,49,11.978666640000002
Light,OR-MAPPO,delay,III,50,12.406666689999998
Light,OR-MAPPO,delay,IV,1,12.210799999999997
Light,OR-MAPPO,delay,IV,2,11.430399999999999
Light,OR-MAPPO,delay,IV,3,12.496600000000003
Light,OR-MAPPO,delay,IV,4,13.429799999999998
Light,OR-MAPPO,delay,IV,5,12.782799999999998
Light,OR-MAPPO,delay,IV,6,12.980599999999999
Light,OR-MAPPO,delay,IV,7,12.786799999999998
Light,OR-MAPPO,delay,IV,8,14.284599999999996
Light,OR-MAPPO,delay,IV,9,12.277799999999997
Light,OR-MAPPO,delay,IV,10,12.5284
Light,OR-MAPPO,delay,IV,11,13.624799999999995
Light,OR-MAPPO,delay,IV,12,11.979199999999997
Light,OR-MAPPO,delay,IV,13,11.624599999999997
Light,OR-MAPPO,delay,IV,14,12.171399999999998
Light,OR-MAPPO,delay,IV,15,13.179999999999998
Light,OR-MAPPO,delay,IV,16,13.7288
Light,OR-MAPPO,delay,IV,17,11.126000000000001
Light,OR-MAPPO,delay,IV,18,11.579799999999999
Light,OR-MAPPO,delay,IV,19,13.0348
Light,OR-MAPPO,delay,IV,20,11.773999999999996
Light,OR-MAPPO,delay,IV,21,11.675399999999998
Light,OR-MAPPO,delay,IV,22,12.025599999999997
Light,OR-MAPPO,delay,IV,23,12.037799999999997
Light,OR-MAPPO,delay,IV,24,12.1038
Light,OR-MAPPO,delay,IV,25,13.073399999999998
Light,OR-MAPPO,delay,IV,26,12.222999999999997
Light,OR-MAPPO,delay,IV,27,11.621799999999999
Light,OR-MAPPO,delay,IV,28,11.829799999999995
Light,OR-MAPPO,delay,IV,29,12.872599999999998
Light,OR-MAPPO,delay,IV,30,11.726799999999999
Light,OR-MAPPO,delay,IV,31,11.176599999999997
Light,OR-MAPPO,delay,IV,32,12.417399999999997
Light,OR-MAPPO,delay,IV,33,13.228399999999997
Light,OR-MAPPO,delay,IV,34,12.7804
Light,OR-MAPPO,delay,IV,35,12.9224
Light,OR-MAPPO,delay,IV,36,12.175
Light,OR-MAPPO,delay,IV,37,11.020199999999999
Light,OR-MAPPO,delay,IV,38,12.6708
Light,OR-MAPPO,delay,IV,39,11.338
Light,OR-MAPPO,delay,IV,40,12.6258
Light,OR-MAPPO,delay,IV,41,12.971199999999994
Light,OR-MAPPO,delay,IV,42,12.129799999999998
Light,OR-MAPPO,delay,IV,43,12.578999999999997
Light,OR-MAPPO,delay,IV,44,13.2584
Light,OR-MAPPO,delay,IV,45,12.776799999999996
Light,OR-MAPPO,delay,IV,46,12.2754
Light,OR-MAPPO,delay,IV,47,12.776799999999996
Light,OR-MAPPO,delay,IV,48,12.481
Light,OR-MAPPO,delay,IV,49,11.818199999999997
Light,OR-MAPPO,delay,IV,50,13.526799999999998
Light,OR-MAPPO,throughput,II,1,99.79779229933337
Light,OR-MAPPO,throughput,II,2,99.28142656733333
Light,OR-MAPPO,throughput,II,3,99.47467658
Light,OR-MAPPO,throughput,II,4,97.01315644933332
Light,OR-MAPPO,throughput,II,5,98.324678964
Light,OR-MAPPO,throughput,II,6,98.50087026399999
Light,OR-MAPPO,throughput,II,7,97.87669979133332
Light,OR-MAPPO,throughput,II,8,98.36409112933333
Light,OR-MAPPO,throughput,II,9,98.740424162
Light,OR-MAPPO,throughput,II,10,98.522128744
Light,OR-MAPPO,throughput,II,11,97.73734276066665
Light,OR-MAPPO,throughput,II,12,97.104236848
Light,OR-MAPPO,throughput,II,13,98.17428341866668
Light,OR-MAPPO,throughput,II,14,98.75076560266665
Light,OR-MAPPO,throughput,II,15,99.88650809466667
Light,OR-MAPPO,throughput,II,16,99.73562064333335
Light,OR-MAPPO,throughput,II,17,98.40916893266667
Light,OR-MAPPO,throughput,II,18,98.58082510466667
Light,OR-MAPPO,throughput,II,19,98.48700374400003
Light,OR-MAPPO,throughput,II,20,97.38290083933333
Light,OR-MAPPO,throughput,II,21,98.17205364066663
Light,OR-MAPPO,throughput,II,22,98.89324131199999
Light,OR-MAPPO,throughput,II,23,98.42171330133333
Light,OR-MAPPO,throughput,II,24,97.70487825533333
Light,OR-MAPPO,throughput,II,25,97.55997823066667
Light,OR-MAPPO,throughput,II,26,98.81477216133335
Light,OR-MAPPO,throughput,II,27,97.404990192
Light,OR-MAPPO,throughput,II,28,98.84760644600001
Light,OR-MAPPO,throughput,II,29,99.477024238
Light,OR-MAPPO,throughput,II,30,98.813968544
Light,OR-MAPPO,throughput,II,31,99.56934169466669
Light,OR-MAPPO,throughput,II,32,98.49839393533334
Light,OR-MAPPO,throughput,II,33,99.24009901000001
Light,OR-MAPPO,throughput,II,34,98.57258363333334
Light,OR-MAPPO,throughput,II,35,98.06069892800002
Light,OR-MAPPO,throughput,II,36,99.17278619266666
Light,OR-MAPPO,throughput,II,37,99.41893534466666
Light,OR-MAPPO,throughput,II,38,99.66515535666666
Light,OR-MAPPO,throughput,II,39,99.31497690799999
Light,OR-MAPPO,throughput,II,40,98.82361508466666
Light,OR-MAPPO,throughput,II,41,97.7954175713333
Light,OR-MAPPO,throughput,II,42,99.077835748
Light,OR-MAPPO,throughput,II,43,99.09871539200002
Light,OR-MAPPO,throughput,II,44,98.20962638399999
Light,OR-MAPPO,throughput,II,45,97.99379497666669
Light,OR-MAPPO,throughput,II,46,99.228612162
Light,OR-MAPPO,throughput,II,47,99.03856815933334
Light,OR-MAPPO,throughput,II,48,98.6619069393333
Light,OR-MAPPO,throughput,II,49,98.34436348533332
Light,OR-MAPPO,throughput,II,50,98.08793275600001
Light,OR-MAPPO,throughput,III,1,100.184611522
Light,OR-MAPPO,throughput,III,2,99.76142841400001
Light,OR-MAPPO,throughput,III,3,99.88769502266669
Light,OR-MAPPO,throughput,III,4,100.12470775733334
Light,OR-MAPPO,throughput,III,5,99.20942523866668
Light,OR-MAPPO,throughput,III,6,99.24987341266667
Light,OR-MAPPO,throughput,III,7,100.11883912266666
Light,OR-MAPPO,throughput,III,8,99.88406261466663
Light,OR-MAPPO,throughput,III,9,99.56580736666666
Light,OR-MAPPO,throughput,III,10,99.43350830333333
Light,OR-MAPPO,throughput,III,11,100.04439277333333
Light,OR-MAPPO,throughput,III,12,100.13655177266666
Light,OR-MAPPO,throughput,III,13,99.45823316066667
Light,OR-MAPPO,throughput,III,14,99.53397827133332
Light,OR-MAPPO,throughput,III,15,100.24605376600002
Light,OR-MAPPO,throughput,III,16,99.66002817
Light,OR-MAPPO,throughput,III,17,100.05222743
Light,OR-MAPPO,throughput,III,18,100.085583016
Light,OR-MAPPO,throughput,III,19,100.22243702999998
Light,OR-MAPPO,throughput,III,20,100.09650273800001
Light,OR-MAPPO,throughput,III,21,99.79988498799999
Light,OR-MAPPO,throughput,III,22,100.08548971733335
Light,OR-MAPPO,throughput,III,23,100.43696235933334
Light,OR-MAPPO,throughput,III,24,99.42815668533335
Light,OR-MAPPO,throughput,III,25,99.690041408
Light,OR-MAPPO,throughput,III,26,99.49882600666666
Light,OR-MAPPO,throughput,III,27,99.80969427733334
Light,OR-MAPPO,throughput,III,28,99.84059985866666
Light,OR-MAPPO,throughput,III,29,99.50366717200001
Light,OR-MAPPO,throughput,III,30,100.633273686
Light,OR-MAPPO,throughput,III,31,100.47461045999998
Light,OR-MAPPO,throughput,III,32,98.97182502
Light,OR-MAPPO,throughput,III,33,100.43439446000002
Light,OR-MAPPO,throughput,III,34,99.88660452
Light,OR-MAPPO,throughput,III,35,99.33909882333336
Light,OR-MAPPO,throughput,III,36,99.49264766666666
Light,OR-MAPPO,throughput,III,37,100.78830508933332
Light,OR-MAPPO,throughput,III,38,100.11418859266665
Light,OR-MAPPO,throughput,III,39,100.14395988466666
Light,OR-MAPPO,throughput,III,40,100.33349267266667
Light,OR-MAPPO,throughput,III,41,99.47061367599997
Light,OR-MAPPO,throughput,III,42,99.42673289066666
Light,OR-MAPPO,throughput,III,43,100.26364900933335
Light,OR-MAPPO,throughput,III,44,99.89906423866665
Light,OR-MAPPO,throughput,III,45,99.531026166
Light,OR-MAPPO,throughput,III,46,98.40868832533332
Light,OR-MAPPO,throughput,III,47,100.18266611333334
Light,OR-MAPPO,throughput,III,48,99.60161282866666
Light,OR-MAPPO,throughput,III,49,99.25275415
Light,OR-MAPPO,throughput,III,50,99.38286177066668
Light,OR-MAPPO,loss,IV,1,0.147513
Light,OR-MAPPO,loss,IV,2,0.383005
Light,OR-MAPPO,loss,IV,3,0.267302
Light,OR-MAPPO,loss,IV,4,0.147513
Light,OR-MAPPO,loss,IV,5,0.22027999999999998
Light,OR-MAPPO,loss,IV,6,0.0
Light,OR-MAPPO,loss,IV,7,0.0
Light,OR-MAPPO,loss,IV,8,0.49042500000000006
Light,OR-MAPPO,loss,IV,9,0.19688099999999997
Light,OR-MAPPO,loss,IV,10,0.107143
Light,OR-MAPPO,loss,IV,11,0.43771
Light,OR-MAPPO,loss,IV,12,0.27212600000000003
Light,OR-MAPPO,loss,IV,13,0.21371600000000002
Light,OR-MAPPO,loss,IV,14,0.313811
Light,OR-MAPPO,loss,IV,15,0.107143
Light,OR-MAPPO,loss,IV,16,0.268609
Light,OR-MAPPO,loss,IV,17,0.469511
Light,OR-MAPPO,loss,IV,18,0.24507399999999996
Light,OR-MAPPO,loss,IV,19,0.038462
Light,OR-MAPPO,loss,IV,20,0.27031999999999995
Light,OR-MAPPO,loss,IV,21,0.47502399999999995
Light,OR-MAPPO,loss,IV,22,0.0
Light,OR-MAPPO,loss,IV,23,0.259685
Light,OR-MAPPO,loss,IV,24,0.09090899999999999
Light,OR-MAPPO,loss,IV,25,0.122807
Light,OR-MAPPO,loss,IV,26,0.167833
Light,OR-MAPPO,loss,IV,27,0.076924
Light,OR-MAPPO,loss,IV,28,0.0
Light,OR-MAPPO,loss,IV,29,0.383773
Light,OR-MAPPO,loss,IV,30,0.24507399999999996
Light,OR-MAPPO,loss,IV,31,0.122807
Light,OR-MAPPO,loss,IV,32,0.09090899999999999
Light,OR-MAPPO,loss,IV,33,0.488525
Light,OR-MAPPO,loss,IV,34,0.238422
Light,OR-MAPPO,loss,IV,35,0.25440199999999996
Light,OR-MAPPO,loss,IV,36,0.074074
Light,OR-MAPPO,loss,IV,37,0.198052
Light,OR-MAPPO,loss,IV,38,0.19688099999999997
Light,OR-MAPPO,loss,IV,39,0.24507399999999996
Light,OR-MAPPO,loss,IV,40,0.198052
Light,OR-MAPPO,loss,IV,41,0.038462
Light,OR-MAPPO,loss,IV,42,0.16981200000000002
Light,OR-MAPPO,loss,IV,43,0.0
Light,OR-MAPPO,loss,IV,44,0.0
Light,OR-MAPPO,loss,IV,45,0.287471
Light,OR-MAPPO,loss,IV,46,0.161269
Light,OR-MAPPO,loss,IV,47,0.147513
Light,OR-MAPPO,loss,IV,48,0.122807
Light,OR-MAPPO,loss,IV,49,0.39661700000000005
Light,OR-MAPPO,loss,IV,50,0.21371600000000002
Heavy,OR-DRL,delay,I,1,106.01199999999999
Heavy,OR-DRL,delay,I,2,106.78399999999999
Heavy,OR-DRL,delay,I,3,132.53600000000003
Heavy,OR-DRL,delay,I,4,87.668
Heavy,OR-DRL,delay,I,5,107.27
Heavy,OR-DRL,delay,I,6,110.60799999999999
Heavy,OR-DRL,delay,I,7,106.74200000000002
Heavy,OR-DRL,delay,I,8,131.53400000000002
Heavy,OR-DRL,delay,I,9,117.06400000000002
Heavy,OR-DRL,delay,I,10,122.97400000000002
Heavy,OR-DRL,delay,I,11,119.586
Heavy,OR-DRL,delay,I,12,141.514
Heavy,OR-DRL,delay,I,13,132.89
Heavy,OR-DRL,delay,I,14,138.55800000000002
Heavy,OR-DRL,delay,I,15,96.54
Heavy,OR-DRL,delay,I,16,139.96999999999997
Heavy,OR-DRL,delay,I,17,95.734
Heavy,OR-DRL,delay,I,18,150.888
Heavy,OR-DRL,delay,I,19,114.62
Heavy,OR-DRL,delay,I,20,123.10400000000001
Heavy,OR-DRL,delay,I,21,98.76400000000001
Heavy,OR-DRL,delay,I,22,114.16800000000003
Heavy,OR-DRL,delay,I,23,97.28200000000001
Heavy,OR-DRL,delay,I,24,96.95999999999998
Heavy,OR-DRL,delay,I,25,126.44200000000001
Heavy,OR-DRL,delay,I,26,108.48000000000002
Heavy,OR-DRL,delay,I,27,125.35400000000001
Heavy,OR-DRL,delay,I,28,130.70000000000002
Heavy,OR-DRL,delay,I,29,135.99400000000003
Heavy,OR-DRL,delay,I,30,110.29400000000001
Heavy,OR-DRL,delay,I,31,114.89800000000001
Heavy,OR-DRL,delay,I,32,126.972
Heavy,OR-DRL,delay,I,33,117.308
Heavy,OR-DRL,delay,I,34,112.66599999999998
Heavy,OR-DRL,delay,I,35,114.09200000000001
Heavy,OR-DRL,delay,I,36,91.76
Heavy,OR-DRL,delay,I,37,197.27199999999996
Heavy,OR-DRL,delay,I,38,90.648
Heavy,OR-DRL,delay,I,39,134.0
Heavy,OR-DRL,delay,I,40,108.46600000000002
Heavy,OR-DRL,delay,I,41,121.80600000000003
Heavy,OR-DRL,delay,I,42,118.36
Heavy,OR-DRL,delay,I,43,149.30800000000002
Heavy,OR-DRL,delay,I,44,111.57
Heavy,OR-DRL,delay,I,45,126.852
Heavy,OR-DRL,delay,I,46,91.07400000000001
Heavy,OR-DRL,delay,I,47,95.80000000000001
Heavy,OR-DRL,delay,I,48,127.96800000000003
Heavy,OR-DRL,delay,I,49,108.806
Heavy,OR-DRL,delay,I,50,98.76799999999999
Heavy,OR-DRL,delay,III,1,108.69833337000001
Heavy,OR-DRL,delay,III,2,145.66633332
Heavy,OR-DRL,delay,III,3,125.40333328999999
Heavy,OR-DRL,delay,III,4,105.22499996999998
Heavy,OR-DRL,delay,III,5,147.74500005999997
Heavy,OR-DRL,delay,III,6,65.91066665
Heavy,OR-DRL,delay,III,7,100.64699998
Heavy,OR-DRL,delay,III,8,102.90966664999998
Heavy,OR-DRL,delay,III,9,106.13600000999999
Heavy,OR-DRL,delay,III,10,120.00366661999999
Heavy,OR-DRL,delay,III,11,116.05266662
Heavy,OR-DRL,delay,III,12,135.13433332
Heavy,OR-DRL,delay,III,13,146.55366666
Heavy,OR-DRL,delay,III,14,114.30933331
Heavy,OR-DRL,delay,III,15,101.30133328
Heavy,OR-DRL,delay,III,16,133.36366668
Heavy,OR-DRL,delay,III,17,150.58000003
Heavy,OR-DRL,delay,III,18,95.45800002999998
Heavy,OR-DRL,delay,III,19,148.60999997
Heavy,OR-DRL,delay,III,20,130.73733329
Heavy,OR-DRL,delay,III,21,133.87133332
Heavy,OR-DRL,delay,III,22,125.92366668999999
Heavy,OR-DRL,delay,III,23,164.38666668
Heavy,OR-DRL,delay,III,24,128.73766661999997
Heavy,OR-DRL,delay,III,25,116.62566669999998
Heavy,OR-DRL,delay,III,26,96.53099999999996
Heavy,OR-DRL,delay,III,27,105.75966670999998
Heavy,OR-DRL,delay,III,28,123.03533336000001
Heavy,OR-DRL,delay,III,29,120.89366668000002
Heavy,OR-DRL,delay,III,30,109.18933333000001
Heavy,OR-DRL,delay,III,31,170.61366662999998
Heavy,OR-DRL,delay,III,32,74.14133332
Heavy,OR-DRL,delay,III,33,76.79266665
Heavy,OR-DRL,delay,III,34,101.57266666
Heavy,OR-DRL,delay,III,35,102.93533334
Heavy,OR-DRL,delay,III,36,101.48433330999998
Heavy,OR-DRL,delay,III,37,84.21433331999998
Heavy,OR-DRL,delay,III,38,103.22566667000001
Heavy,OR-DRL,delay,III,39,112.31100002999997
Heavy,OR-DRL,delay,III,40,156.08099998999998
Heavy,OR-DRL,delay,III,41,76.69500003
Heavy,OR-DRL,delay,III,42,117.43799999000001
Heavy,OR-DRL,delay,III,43,163.94199999
Heavy,OR-DRL,delay,III,44,112.99633330999997
Heavy,OR-DRL,delay,III,45,127.66066670999997
Heavy,OR-DRL,delay,III,46,102.12999998
Heavy,OR-DRL,delay,III,47,144.49166667
Heavy,OR-DRL,delay,III,48,144.21900002
Heavy,OR-DRL,delay,III,49,96.36400001
Heavy,OR-DRL,delay,III,50,111.62033333999997
Heavy,OR-DRL,delay,IV,1,123.5206
Heavy,OR-DRL,delay,IV,2,116.7958
Heavy,OR-DRL,delay,IV,3,99.56700000000001
Heavy,OR-DRL,delay,IV,4,102.152
Heavy,OR-DRL,delay,IV,5,106.70039999999999
Heavy,OR-DRL,delay,IV,6,187.5754
Heavy,OR-DRL,delay,IV,7,122.8478
Heavy,OR-DRL,delay,IV,8,90.47200000000001
Heavy,OR-DRL,delay,IV,9,111.72380000000001
Heavy,OR-DRL,delay,IV,10,125.44419999999998
Heavy,OR-DRL,delay,IV,11,137.9552
Heavy,OR-DRL,delay,IV,12,131.0606
Heavy,OR-DRL,delay,IV,13,103.5222
Heavy,OR-DRL,delay,IV,14,124.0606
Heavy,OR-DRL,delay,IV,15,112.47980000000001
Heavy,OR-DRL,delay,IV,16,112.29199999999999
Heavy,OR-DRL,delay,IV,17,148.1014
Heavy,OR-DRL,delay,IV,18,99.9468
Heavy,OR-DRL,delay,IV,19,158.9002
Heavy,OR-DRL,delay,IV,20,138.5688
Heavy,OR-DRL,delay,IV,21,115.13299999999995
Heavy,OR-DRL,delay,IV,22,121.32379999999998
Heavy,OR-DRL,delay,IV,23,128.1948
Heavy,OR-DRL,delay,IV,24,118.3074
Heavy,OR-DRL,delay,IV,25,122.92019999999998
Heavy,OR-DRL,delay,IV,26,119.57699999999998
Heavy,OR-DRL,delay,IV,27,115.42119999999998
Heavy,OR-DRL,delay,IV,28,149.1376
Heavy,OR-DRL,delay,IV,29,77.5672
Heavy,OR-DRL,delay,IV,30,138.134
Heavy,OR-DRL,delay,IV,31,145.9318
Heavy,OR-DRL,delay,IV,32,144.53719999999998
Heavy,OR-DRL,delay,IV,33,93.998
Heavy,OR-DRL,delay,IV,34,112.9218
Heavy,OR-DRL,delay,IV,35,106.9886
Heavy,OR-DRL,delay,IV,36,121.44659999999998
Heavy,OR-DRL,delay,IV,37,160.70300000000003
Heavy,OR-DRL,delay,IV,38,110.1568
Heavy,OR-DRL,delay,IV,39,84.36060000000002
Heavy,OR-DRL,delay,IV,40,78.84519999999999
Heavy,OR-DRL,delay,IV,41,94.8706
Heavy,OR-DRL,delay,IV,42,87.81739999999999
Heavy,OR-DRL,delay,IV,43,131.68059999999997
Heavy,OR-DRL,delay,IV,44,114.1634
Heavy,OR-DRL,delay,IV,45,133.81060000000002
Heavy,OR-DRL,delay,IV,46,143.21240000000003
Heavy,OR-DRL,delay,IV,47,125.30840000000002
Heavy,OR-DRL,delay,IV,48,183.044
Heavy,OR-DRL,delay,IV,49,101.93320000000001
Heavy,OR-DRL,delay,IV,50,99.95020000000001
Heavy,OR-DRL,throughput,II,1,80.94588867466666
Heavy,OR-DRL,throughput,II,2,79.44127576666666
Heavy,OR-DRL,throughput,II,3,83.14954846466667
Heavy,OR-DRL,throughput,II,4,83.33395353400002
Heavy,OR-DRL,throughput,II,5,84.03824388266666
Heavy,OR-DRL,throughput,II,6,82.74274447399999
Heavy,OR-DRL,throughput,II,7,81.13449056666667
Heavy,OR-DRL,throughput,II,8,82.92281497533332
Heavy,OR-DRL,throughput,II,9,81.80816616533333
Heavy,OR-DRL,throughput,II,10,83.11423521933334
Heavy,OR-DRL,throughput,II,11,81.59894576266667
Heavy,OR-DRL,throughput,II,12,82.74653239666667
Heavy,OR-DRL,throughput,II,13,83.08868900866666
Heavy,OR-DRL,throughput,II,14,83.18266782866667
Heavy,OR-DRL,throughput,II,15,79.96151113600001
Heavy,OR-DRL,throughput,II,16,80.314477514
Heavy,OR-DRL,throughput,II,17,83.752310158
Heavy,OR-DRL,throughput,II,18,75.22716446599999
Heavy,OR-DRL,throughput,II,19,81.76147017266666
Heavy,OR-DRL,throughput,II,20,82.26246621666667
Heavy,OR-DRL,throughput,II,21,82.43835663400002
Heavy,OR-DRL,throughput,II,22,78.09467462133333
Heavy,OR-DRL,throughput,II,23,80.68950054933333
Heavy,OR-DRL,throughput,II,24,82.67974708533335
Heavy,OR-DRL,throughput,II,25,82.70104227399999
Heavy,OR-DRL,throughput,II,26,83.23499455199999
Heavy,OR-DRL,throughput,II,27,81.87932151066666
Heavy,OR-DRL,throughput,II,28,86.20805619600002
Heavy,OR-DRL,throughput,II,29,83.78399601266666
Heavy,OR-DRL,throughput,II,30,78.61087451733333
Heavy,OR-DRL,throughput,II,31,83.46381655733332
Heavy,OR-DRL,throughput,II,32,83.77051582333334
Heavy,OR-DRL,throughput,II,33,84.90116279933332
Heavy,OR-DRL,throughput,II,34,83.96349110733334
Heavy,OR-DRL,throughput,II,35,86.6177966853333
Heavy,OR-DRL,throughput,II,36,79.99772987866668
Heavy,OR-DRL,throughput,II,37,83.90336379933335
Heavy,OR-DRL,throughput,II,38,82.75472679666666
Heavy,OR-DRL,throughput,II,39,83.116201214
Heavy,OR-DRL,throughput,II,40,77.54230781799998
Heavy,OR-DRL,throughput,II,41,85.10068726200001
Heavy,OR-DRL,throughput,II,42,80.62110268266667
Heavy,OR-DRL,throughput,II,43,80.32718548133333
Heavy,OR-DRL,throughput,II,44,79.51337412333334
Heavy,OR-DRL,throughput,II,45,81.98437515200001
Heavy,OR-DRL,throughput,II,46,90.03873684666665
Heavy,OR-DRL,throughput,II,47,77.65864612333333
Heavy,OR-DRL,throughput,II,48,82.20354031999999
Heavy,OR-DRL,throughput,II,49,83.07888261133334
Heavy,OR-DRL,throughput,II,50,84.67459826800001
Heavy,OR-DRL,throughput,III,1,85.24512887066666
Heavy,OR-DRL,throughput,III,2,75.32562188399999
Heavy,OR-DRL,throughput,III,3,82.20826887666666
Heavy,OR-DRL,throughput,III,4,80.86296866466668
Heavy,OR-DRL,throughput,III,5,78.15962018933332
Heavy,OR-DRL,throughput,III,6,86.84844458533333
Heavy,OR-DRL,throughput,III,7,84.39582811400001
Heavy,OR-DRL,throughput,III,8,82.36152783
Heavy,OR-DRL,throughput,III,9,84.06686277066666
Heavy,OR-DRL,throughput,III,10,80.62377341333335
Heavy,OR-DRL,throughput,III,11,81.44521448066665
Heavy,OR-DRL,throughput,III,12,78.46481902266667
Heavy,OR-DRL,throughput,III,13,78.07986188733332
Heavy,OR-DRL,throughput,III,14,82.13803668333334
Heavy,OR-DRL,throughput,III,15,85.50638254933334
Heavy,OR-DRL,throughput,III,16,79.65653865466666
Heavy,OR-DRL,throughput,III,17,78.99853795733334
Heavy,OR-DRL,throughput,III,18,84.62401905200002
Heavy,OR-DRL,throughput,III,19,77.25113535466667
Heavy,OR-DRL,throughput,III,20,79.57751267733333
Heavy,OR-DRL,throughput,III,21,82.48194819733334
Heavy,OR-DRL,throughput,III,22,77.05836142
Heavy,OR-DRL,throughput,III,23,79.958949718
Heavy,OR-DRL,throughput,III,24,80.14583411999999
Heavy,OR-DRL,throughput,III,25,80.93014933466668
Heavy,OR-DRL,throughput,III,26,84.67158659333332
Heavy,OR-DRL,throughput,III,27,84.04454290466666
Heavy,OR-DRL,throughput,III,28,79.53741010266667
Heavy,OR-DRL,throughput,III,29,83.19396919399998
Heavy,OR-DRL,throughput,III,30,81.95076765133332
Heavy,OR-DRL,throughput,III,31,77.52828860133333
Heavy,OR-DRL,throughput,III,32,87.73968662533335
Heavy,OR-DRL,throughput,III,33,89.21125944266664
Heavy,OR-DRL,throughput,III,34,84.63363536666665
Heavy,OR-DRL,throughput,III,35,83.38487353733332
Heavy,OR-DRL,throughput,III,36,83.78963156400003
Heavy,OR-DRL,throughput,III,37,85.56186977533335
Heavy,OR-DRL,throughput,III,38,82.90193907333334
Heavy,OR-DRL,throughput,III,39,81.80847850933334
Heavy,OR-DRL,throughput,III,40,77.77287395266667
Heavy,OR-DRL,throughput,III,41,86.80470568933333
Heavy,OR-DRL,throughput,III,42,78.96909022200002
Heavy,OR-DRL,throughput,III,43,77.24433054
Heavy,OR-DRL,throughput,III,44,82.456529072
Heavy,OR-DRL,throughput,III,45,81.75819344
Heavy,OR-DRL,throughput,III,46,84.16147283266666
Heavy,OR-DRL,throughput,III,47,75.80337581933333
Heavy,OR-DRL,throughput,III,48,78.86090727066667
Heavy,OR-DRL,throughput,III,49,87.24200168066665
Heavy,OR-DRL,throughput,III,50,82.61315194933331
Heavy,OR-DRL,loss,IV,1,17.328879999999998
Heavy,OR-DRL,loss,IV,2,12.474225
Heavy,OR-DRL,loss,IV,3,11.777239999999999
Heavy,OR-DRL,loss,IV,4,10.902684
Heavy,OR-DRL,loss,IV,5,14.379242000000001
Heavy,OR-DRL,loss,IV,6,24.12311
Heavy,OR-DRL,loss,IV,7,16.042386999999998
Heavy,OR-DRL,loss,IV,8,12.359558999999999
Heavy,OR-DRL,loss,IV,9,13.027882000000002
Heavy,OR-DRL,loss,IV,10,15.399152
Heavy,OR-DRL,loss,IV,11,15.333457000000003
Heavy,OR-DRL,loss,IV,12,16.381615
Heavy,OR-DRL,loss,IV,13,10.863429000000002
Heavy,OR-DRL,loss,IV,14,16.051513
Heavy,OR-DRL,loss,IV,15,12.45448
Heavy,OR-DRL,loss,IV,16,16.070514
Heavy,OR-DRL,loss,IV,17,18.603759999999998
Heavy,OR-DRL,loss,IV,18,11.278424000000003
Heavy,OR-DRL,loss,IV,19,13.903124000000002
Heavy,OR-DRL,loss,IV,20,14.921889
Heavy,OR-DRL,loss,IV,21,14.403981000000002
Heavy,OR-DRL,loss,IV,22,16.39943
Heavy,OR-DRL,loss,IV,23,15.714412
Heavy,OR-DRL,loss,IV,24,15.717738999999996
Heavy,OR-DRL,loss,IV,25,14.993276000000002
Heavy,OR-DRL,loss,IV,26,15.194255
Heavy,OR-DRL,loss,IV,27,16.71558
Heavy,OR-DRL,loss,IV,28,18.452545999999998
Heavy,OR-DRL,loss,IV,29,11.218592999999998
Heavy,OR-DRL,loss,IV,30,15.69711
Heavy,OR-DRL,loss,IV,31,19.320209000000002
Heavy,OR-DRL,loss,IV,32,17.88684
Heavy,OR-DRL,loss,IV,33,9.915459
Heavy,OR-DRL,loss,IV,34,13.563010000000002
Heavy,OR-DRL,loss,IV,35,12.809287999999999
Heavy,OR-DRL,loss,IV,36,12.800060000000004
Heavy,OR-DRL,loss,IV,37,17.628120000000003
Heavy,OR-DRL,loss,IV,38,10.825193000000002
Heavy,OR-DRL,loss,IV,39,12.287395000000002
Heavy,OR-DRL,loss,IV,40,8.431077
Heavy,OR-DRL,loss,IV,41,12.361142
Heavy,OR-DRL,loss,IV,42,10.376611000000002
Heavy,OR-DRL,loss,IV,43,14.514935000000001
Heavy,OR-DRL,loss,IV,44,13.178458000000001
Heavy,OR-DRL,loss,IV,45,17.360741
Heavy,OR-DRL,loss,IV,46,15.060885
Heavy,OR-DRL,loss,IV,47,15.422593
Heavy,OR-DRL,loss,IV,48,15.037945
Heavy,OR-DRL,loss,IV,49,13.244979000000003
Heavy,OR-DRL,loss,IV,50,11.109406000000003
Heavy,OR-MAPPO,delay,I,1,106.58200000000001
Heavy,OR-MAPPO,delay,I,2,95.214
Heavy,OR-MAPPO,delay,I,3,90.27
Heavy,OR-MAPPO,delay,I,4,85.65000000000002
Heavy,OR-MAPPO,delay,I,5,83.39200000000001
Heavy,OR-MAPPO,delay,I,6,73.122
Heavy,OR-MAPPO,delay,I,7,97.37799999999999
Heavy,OR-MAPPO,delay,I,8,105.36200000000001
Heavy,OR-MAPPO,delay,I,9,104.94999999999999
Heavy,OR-MAPPO,delay,I,10,97.09800000000001
Heavy,OR-MAPPO,delay,I,11,97.514
Heavy,OR-MAPPO,delay,I,12,102.36400000000002
Heavy,OR-MAPPO,delay,I,13,91.08400000000002
Heavy,OR-MAPPO,delay,I,14,107.876
Heavy,OR-MAPPO,delay,I,15,108.41000000000003
Heavy,OR-MAPPO,delay,I,16,100.64200000000001
Heavy,OR-MAPPO,delay,I,17,79.958
Heavy,OR-MAPPO,delay,I,18,81.43599999999999
Heavy,OR-MAPPO,delay,I,19,111.83200000000002
Heavy,OR-MAPPO,delay,I,20,104.998
Heavy,OR-MAPPO,delay,I,21,97.32799999999999
Heavy,OR-MAPPO,delay,I,22,94.90200000000003
Heavy,OR-MAPPO,delay,I,23,86.23200000000001
Heavy,OR-MAPPO,delay,I,24,92.01200000000003
Heavy,OR-MAPPO,delay,I,25,112.42399999999999
Heavy,OR-MAPPO,delay,I,26,99.17399999999999
Heavy,OR-MAPPO,delay,I,27,104.97800000000002
Heavy,OR-MAPPO,delay,I,28,87.146
Heavy,OR-MAPPO,delay,I,29,73.938
Heavy,OR-MAPPO,delay,I,30,93.516
Heavy,OR-MAPPO,delay,I,31,98.46800000000002
Heavy,OR-MAPPO,delay,I,32,108.704
Heavy,OR-MAPPO,delay,I,33,115.5
Heavy,OR-MAPPO,delay,I,34,111.286
Heavy,OR-MAPPO,delay,I,35,111.794
Heavy,OR-MAPPO,delay,I,36,84.12799999999999
Heavy,OR-MAPPO,delay,I,37,95.292
Heavy,OR-MAPPO,delay,I,38,108.71000000000002
Heavy,OR-MAPPO,delay,I,39,95.61000000000001
Heavy,OR-MAPPO,delay,I,40,86.06800000000001
Heavy,OR-MAPPO,delay,I,41,109.34200000000001
Heavy,OR-MAPPO,delay,I,42,90.786
Heavy,OR-MAPPO,delay,I,43,92.22200000000001
Heavy,OR-MAPPO,delay,I,44,91.05799999999999
Heavy,OR-MAPPO,delay,I,45,90.78400000000002
Heavy,OR-MAPPO,delay,I,46,89.91000000000003
Heavy,OR-MAPPO,delay,I,47,96.818
Heavy,OR-MAPPO,delay,I,48,91.52199999999999
Heavy,OR-MAPPO,delay,I,49,139.38
Heavy,OR-MAPPO,delay,I,50,91.15
Heavy,OR-MAPPO,delay,III,1,92.86466662999999
Heavy,OR-MAPPO,delay,III,2,84.05033329
Heavy,OR-MAPPO,delay,III,3,106.30799999000001
Heavy,OR-MAPPO,delay,III,4,115.57200004
Heavy,OR-MAPPO,delay,III,5,153.76633329999999
Heavy,OR-MAPPO,delay,III,6,116.05300003999999
Heavy,OR-MAPPO,delay,III,7,67.89666665
Heavy,OR-MAPPO,delay,III,8,142.60799997
Heavy,OR-MAPPO,delay,III,9,117.24099996999999
Heavy,OR-MAPPO,delay,III,10,108.56233329000001
Heavy,OR-MAPPO,delay,III,11,93.98533332999997
Heavy,OR-MAPPO,delay,III,12,89.87766666000002
Heavy,OR-MAPPO,delay,III,13,95.93933336000002
Heavy,OR-MAPPO,delay,III,14,98.37866661999999
Heavy,OR-MAPPO,delay,III,15,98.83866665
Heavy,OR-MAPPO,delay,III,16,103.58199995000001
Heavy,OR-MAPPO,delay,III,17,77.34466666
Heavy,OR-MAPPO,delay,III,18,93.41599998
Heavy,OR-MAPPO,delay,III,19,90.69533332999998
Heavy,OR-MAPPO,delay,III,20,127.07233332
Heavy,OR-MAPPO,delay,III,21,92.00299999999999
Heavy,OR-MAPPO,delay,III,22,100.43533334000001
Heavy,OR-MAPPO,delay,III,23,87.61633332000001
Heavy,OR-MAPPO,delay,III,24,81.10500001000001
Heavy,OR-MAPPO,delay,III,25,108.92833332000001
Heavy,OR-MAPPO,delay,III,26,85.29633333
Heavy,OR-MAPPO,delay,III,27,85.01766662
Heavy,OR-MAPPO,delay,III,28,92.85966663
Heavy,OR-MAPPO,delay,III,29,115.73799997
Heavy,OR-MAPPO,delay,III,30,105.20199998
Heavy,OR-MAPPO,delay,III,31,104.18800001
Heavy,OR-MAPPO,delay,III,32,118.56133329000001
Heavy,OR-MAPPO,delay,III,33,90.31866663
Heavy,OR-MAPPO,delay,III,34,107.52699998
Heavy,OR-MAPPO,delay,III,35,108.28733329
Heavy,OR-MAPPO,delay,III,36,85.88766662999998
Heavy,OR-MAPPO,delay,III,37,97.67966664
Heavy,OR-MAPPO,delay,III,38,118.11599996000001
Heavy,OR-MAPPO,delay,III,39,82.68333335999999
Heavy,OR-MAPPO,delay,III,40,108.57199998
Heavy,OR-MAPPO,delay,III,41,159.20266666999999
Heavy,OR-MAPPO,delay,III,42,101.12066663
Heavy,OR-MAPPO,delay,III,43,85.36833333999999
Heavy,OR-MAPPO,delay,III,44,81.13533338
Heavy,OR-MAPPO,delay,III,45,84.38933334
Heavy,OR-MAPPO,delay,III,46,87.70999996999998
Heavy,OR-MAPPO,delay,III,47,124.304
Heavy,OR-MAPPO,delay,III,48,81.35399996
Heavy,OR-MAPPO,delay,III,49,96.82633331999999
Heavy,OR-MAPPO,delay,III,50,128.11999996999998
Heavy,OR-MAPPO,delay,IV,1,112.55900000000001
Heavy,OR-MAPPO,delay,IV,2,111.07219999999998
Heavy,OR-MAPPO,delay,IV,3,100.4614
Heavy,OR-MAPPO,delay,IV,4,102.0194
Heavy,OR-MAPPO,delay,IV,5,108.19780000000003
Heavy,OR-MAPPO,delay,IV,6,85.1126
Heavy,OR-MAPPO,delay,IV,7,108.65980000000002
Heavy,OR-MAPPO,delay,IV,8,101.90340000000002
Heavy,OR-MAPPO,delay,IV,9,99.68439999999997
Heavy,OR-MAPPO,delay,IV,10,113.3406
Heavy,OR-MAPPO,delay,IV,11,110.37559999999999
Heavy,OR-MAPPO,delay,IV,12,77.0312
Heavy,OR-MAPPO,delay,IV,13,107.8084
Heavy,OR-MAPPO,delay,IV,14,122.52819999999998
Heavy,OR-MAPPO,delay,IV,15,121.8052
Heavy,OR-MAPPO,delay,IV,16,114.134
Heavy,OR-MAPPO,delay,IV,17,106.15620000000001
Heavy,OR-MAPPO,delay,IV,18,110.47939999999998
Heavy,OR-MAPPO,delay,IV,19,110.4618
Heavy,OR-MAPPO,delay,IV,20,106.93699999999998
Heavy,OR-MAPPO,delay,IV,21,104.008
Heavy,OR-MAPPO,delay,IV,22,97.82999999999998
Heavy,OR-MAPPO,delay,IV,23,113.93620000000001
Heavy,OR-MAPPO,delay,IV,24,114.227
Heavy,OR-MAPPO,delay,IV,25,97.26979999999999
Heavy,OR-MAPPO,delay,IV,26,108.95280000000001
Heavy,OR-MAPPO,delay,IV,27,73.7388
Heavy,OR-MAPPO,delay,IV,28,85.27780000000001
Heavy,OR-MAPPO,delay,IV,29,97.28540000000001
Heavy,OR-MAPPO,delay,IV,30,109.559
Heavy,OR-MAPPO,delay,IV,31,100.608
Heavy,OR-MAPPO,delay,IV,32,96.68379999999999
Heavy,OR-MAPPO,delay,IV,33,135.5186
Heavy,OR-MAPPO,delay,IV,34,117.26219999999999
Heavy,OR-MAPPO,delay,IV,35,112.75779999999999
Heavy,OR-MAPPO,delay,IV,36,93.5384
Heavy,OR-MAPPO,delay,IV,37,80.63959999999999
Heavy,OR-MAPPO,delay,IV,38,128.09839999999997
Heavy,OR-MAPPO,delay,IV,39,120.90620000000001
Heavy,OR-MAPPO,delay,IV,40,99.9014
Heavy,OR-MAPPO,delay,IV,41,106.9002
Heavy,OR-MAPPO,delay,IV,42,116.29240000000001
Heavy,OR-MAPPO,delay,IV,43,95.57600000000001
Heavy,OR-MAPPO,delay,IV,44,115.4916
Heavy,OR-MAPPO,delay,IV,45,109.77439999999999
Heavy,OR-MAPPO,delay,IV,46,94.89
Heavy,OR-MAPPO,delay,IV,47,95.1508
Heavy,OR-MAPPO,delay,IV,48,75.917
Heavy,OR-MAPPO,delay,IV,49,86.01280000000001
Heavy,OR-MAPPO,delay,IV,50,127.23640000000002
Heavy,OR-MAPPO,throughput,II,1,80.98950159333333
Heavy,OR-MAPPO,throughput,II,2,76.19881931
Heavy,OR-MAPPO,throughput,II,3,81.38635488866666
Heavy,OR-MAPPO,throughput,II,4,80.50448652799999
Heavy,OR-MAPPO,throughput,II,5,82.31053799533332
Heavy,OR-MAPPO,throughput,II,6,83.80762730599997
Heavy,OR-MAPPO,throughput,II,7,74.57743389466668
Heavy,OR-MAPPO,throughput,II,8,77.934371402
Heavy,OR-MAPPO,throughput,II,9,78.790912826
Heavy,OR-MAPPO,throughput,II,10,79.01335939799999
Heavy,OR-MAPPO,throughput,II,11,76.806717724
Heavy,OR-MAPPO,throughput,II,12,76.98623685333332
Heavy,OR-MAPPO,throughput,II,13,77.95130591933332
Heavy,OR-MAPPO,throughput,II,14,77.93375851733333
Heavy,OR-MAPPO,throughput,II,15,82.34540149799999
Heavy,OR-MAPPO,throughput,II,16,83.85574159933334
Heavy,OR-MAPPO,throughput,II,17,77.93816613066667
Heavy,OR-MAPPO,throughput,II,18,76.43488302466666
Heavy,OR-MAPPO,throughput,II,19,78.05056771733334
Heavy,OR-MAPPO,throughput,II,20,78.63841509666666
Heavy,OR-MAPPO,throughput,II,21,76.68180345466666
Heavy,OR-MAPPO,throughput,II,22,73.56691917866667
Heavy,OR-MAPPO,throughput,II,23,73.42720378
Heavy,OR-MAPPO,throughput,II,24,74.40123032933334
Heavy,OR-MAPPO,throughput,II,25,82.02948281733333
Heavy,OR-MAPPO,throughput,II,26,78.81047316066666
Heavy,OR-MAPPO,throughput,II,27,80.25538095466666
Heavy,OR-MAPPO,throughput,II,28,83.94227291933333
Heavy,OR-MAPPO,throughput,II,29,81.262525108
Heavy,OR-MAPPO,throughput,II,30,83.25891435066667
Heavy,OR-MAPPO,throughput,II,31,74.325481196
Heavy,OR-MAPPO,throughput,II,32,73.23961815466666
Heavy,OR-MAPPO,throughput,II,33,76.91196918800001
Heavy,OR-MAPPO,throughput,II,34,77.49336996533333
Heavy,OR-MAPPO,throughput,II,35,80.88902301866668
Heavy,OR-MAPPO,throughput,II,36,80.50009256466666
Heavy,OR-MAPPO,throughput,II,37,78.47084496733333
Heavy,OR-MAPPO,throughput,II,38,74.602574582
Heavy,OR-MAPPO,throughput,II,39,80.36573240333333
Heavy,OR-MAPPO,throughput,II,40,78.14860683666666
Heavy,OR-MAPPO,throughput,II,41,81.010490188
Heavy,OR-MAPPO,throughput,II,42,81.89086002466667
Heavy,OR-MAPPO,throughput,II,43,82.04206910333335
Heavy,OR-MAPPO,throughput,II,44,79.36815405266667
Heavy,OR-MAPPO,throughput,II,45,80.65275760200001
Heavy,OR-MAPPO,throughput,II,46,86.33373333533332
Heavy,OR-MAPPO,throughput,II,47,79.58159819800001
Heavy,OR-MAPPO,throughput,II,48,80.98265774733335
Heavy,OR-MAPPO,throughput,II,49,82.996907014
Heavy,OR-MAPPO,throughput,II,50,79.79625718199999
Heavy,OR-MAPPO,throughput,III,1,80.38234873200001
Heavy,OR-MAPPO,throughput,III,2,85.31265145333333
Heavy,OR-MAPPO,throughput,III,3,80.77341759999999
Heavy,OR-MAPPO,throughput,III,4,77.326928942
Heavy,OR-MAPPO,throughput,III,5,82.00732367866667
Heavy,OR-MAPPO,throughput,III,6,76.68787495733332
Heavy,OR-MAPPO,throughput,III,7,88.09590574533333
Heavy,OR-MAPPO,throughput,III,8,82.100169766
Heavy,OR-MAPPO,throughput,III,9,81.10957056933333
Heavy,OR-MAPPO,throughput,III,10,80.211961072
Heavy,OR-MAPPO,throughput,III,11,84.28232829533334
Heavy,OR-MAPPO,throughput,III,12,83.59665655799999
Heavy,OR-MAPPO,throughput,III,13,82.26455850533334
Heavy,OR-MAPPO,throughput,III,14,81.85384747
Heavy,OR-MAPPO,throughput,III,15,81.533733696
Heavy,OR-MAPPO,throughput,III,16,82.34039280533332
Heavy,OR-MAPPO,throughput,III,17,87.14426977666666
Heavy,OR-MAPPO,throughput,III,18,83.71266720066667
Heavy,OR-MAPPO,throughput,III,19,82.70304445800001
Heavy,OR-MAPPO,throughput,III,20,78.991040094
Heavy,OR-MAPPO,throughput,III,21,87.11692325066667
Heavy,OR-MAPPO,throughput,III,22,79.53901311733333
Heavy,OR-MAPPO,throughput,III,23,83.78604618266665
Heavy,OR-MAPPO,throughput,III,24,86.540097348
Heavy,OR-MAPPO,throughput,III,25,82.53437276133334
Heavy,OR-MAPPO,throughput,III,26,84.91153054600001
Heavy,OR-MAPPO,throughput,III,27,86.29511054933333
Heavy,OR-MAPPO,throughput,III,28,83.87435751000001
Heavy,OR-MAPPO,throughput,III,29,81.89021280533332
Heavy,OR-MAPPO,throughput,III,30,83.48609944599998
Heavy,OR-MAPPO,throughput,III,31,83.16060960399999
Heavy,OR-MAPPO,throughput,III,32,81.54462035333334
Heavy,OR-MAPPO,throughput,III,33,81.41289067
Heavy,OR-MAPPO,throughput,III,34,85.7179684366667
Heavy,OR-MAPPO,throughput,III,35,78.55068980933332
Heavy,OR-MAPPO,throughput,III,36,83.229844732
Heavy,OR-MAPPO,throughput,III,37,82.41000371266665
Heavy,OR-MAPPO,throughput,III,38,81.33195061866667
Heavy,OR-MAPPO,throughput,III,39,82.84783936466667
Heavy,OR-MAPPO,throughput,III,40,80.96753220999999
Heavy,OR-MAPPO,throughput,III,41,81.464184174
Heavy,OR-MAPPO,throughput,III,42,81.04123428266668
Heavy,OR-MAPPO,throughput,III,43,85.28537028
Heavy,OR-MAPPO,throughput,III,44,83.32311231399999
Heavy,OR-MAPPO,throughput,III,45,86.02534334199999
Heavy,OR-MAPPO,throughput,III,46,85.35658556333333
Heavy,OR-MAPPO,throughput,III,47,80.94204778466667
Heavy,OR-MAPPO,throughput,III,48,86.60650810333333
Heavy,OR-MAPPO,throughput,III,49,84.39668682000001
Heavy,OR-MAPPO,throughput,III,50,81.16486078866667
Heavy,OR-MAPPO,loss,IV,1,12.753493
Heavy,OR-MAPPO,loss,IV,2,16.636174999999998
Heavy,OR-MAPPO,loss,IV,3,15.209494999999999
Heavy,OR-MAPPO,loss,IV,4,14.145108
Heavy,OR-MAPPO,loss,IV,5,14.798776
Heavy,OR-MAPPO,loss,IV,6,12.307916
Heavy,OR-MAPPO,loss,IV,7,14.139630000000002
Heavy,OR-MAPPO,loss,IV,8,14.969046
Heavy,OR-MAPPO,loss,IV,9,13.484933000000002
Heavy,OR-MAPPO,loss,IV,10,15.660810000000001
Heavy,OR-MAPPO,loss,IV,11,17.315007
Heavy,OR-MAPPO,loss,IV,12,13.454615999999998
Heavy,OR-MAPPO,loss,IV,13,13.383309000000002
Heavy,OR-MAPPO,loss,IV,14,20.154854
Heavy,OR-MAPPO,loss,IV,15,18.477451000000002
Heavy,OR-MAPPO,loss,IV,16,16.243
Heavy,OR-MAPPO,loss,IV,17,12.593093
Heavy,OR-MAPPO,loss,IV,18,13.644833
Heavy,OR-MAPPO,loss,IV,19,16.354618000000002
Heavy,OR-MAPPO,loss,IV,20,15.210319
Heavy,OR-MAPPO,loss,IV,21,14.724755
Heavy,OR-MAPPO,loss,IV,22,15.363374000000004
Heavy,OR-MAPPO,loss,IV,23,16.131815000000003
Heavy,OR-MAPPO,loss,IV,24,17.461658999999997
Heavy,OR-MAPPO,loss,IV,25,14.616894000000002
Heavy,OR-MAPPO,loss,IV,26,14.632002000000002
Heavy,OR-MAPPO,loss,IV,27,9.000917000000001
Heavy,OR-MAPPO,loss,IV,28,10.545499
Heavy,OR-MAPPO,loss,IV,29,14.836622
Heavy,OR-MAPPO,loss,IV,30,18.479013000000002
Heavy,OR-MAPPO,loss,IV,31,14.262913000000001
Heavy,OR-MAPPO,loss,IV,32,15.901589000000001
Heavy,OR-MAPPO,loss,IV,33,20.917008
Heavy,OR-MAPPO,loss,IV,34,13.424625
Heavy,OR-MAPPO,loss,IV,35,17.283825000000004
Heavy,OR-MAPPO,loss,IV,36,13.549065000000002
Heavy,OR-MAPPO,loss,IV,37,11.967783999999996
Heavy,OR-MAPPO,loss,IV,38,18.666113
Heavy,OR-MAPPO,loss,IV,39,17.625216
Heavy,OR-MAPPO,loss,IV,40,13.32386
Heavy,OR-MAPPO,loss,IV,41,15.404719999999998
Heavy,OR-MAPPO,loss,IV,42,18.497527
Heavy,OR-MAPPO,loss,IV,43,11.578936000000004
Heavy,OR-MAPPO,loss,IV,44,17.644506999999997
Heavy,OR-MAPPO,loss,IV,45,15.754303
Heavy,OR-MAPPO,loss,IV,46,13.243561999999999
Heavy,OR-MAPPO,loss,IV,47,12.763409999999999
Heavy,OR-MAPPO,loss,IV,48,10.445781
Heavy,OR-MAPPO,loss,IV,49,12.843045
Heavy,OR-MAPPO,loss,IV,50,20.336188000000003
